Rk,Season,Team,G,W,L,W/L%,DRB,STL,BLK,PF,FG,FGA,2P,2PA,3P,3PA,FT,FTA,ORB,AST,TOV,PTS
8,2013-14,SAS,82,62,20,0.756,34,7.4,5.1,18.2,37.8,85.1,31.3,66.8,6.5,18.3,15.7,20.6,10.5,20.4,13.9,97.6
13,2013-14,OKC,82,59,23,0.72,33.9,8.3,6.1,22.7,36.4,83.4,27.8,59.4,8.6,24,18.4,25.4,11,21.8,15.2,99.8
22,2013-14,LAC,82,57,25,0.695,32.5,8.6,4.8,21.5,37.4,84.9,30.2,63,7.3,21.8,18.9,25,12.3,23.3,15.4,101
29,2013-14,IND,82,56,26,0.683,34.5,6.7,5.4,20.4,34.8,82.7,28.2,63.7,6.6,19,16.3,21.6,10.4,18.6,13.7,92.3
37,2013-14,HOU,82,54,28,0.659,34.1,7.6,5.6,20.4,39,88,30.9,65,8.1,23,17,22.5,11.9,22.2,14,103.1
38,2013-14,MIA,82,54,28,0.659,29.2,8.9,4.5,19.5,36.1,79,27.6,55.6,8.5,23.4,16.8,22.3,10.8,21.4,16.7,97.4
39,2013-14,POR,82,54,28,0.659,34,5.5,4.7,19.2,39.6,87.8,33.1,69.5,6.5,18.3,17,22.2,11.5,20.4,12,102.8
66,2013-14,GSW,82,51,31,0.622,34.4,7.8,5,21.8,36.8,84.4,29.9,64.2,6.9,20.2,18.9,24.7,10.7,20.5,15,99.5
73,2013-14,MEM,82,50,32,0.61,30.8,7.7,4.6,19.1,35.7,79.3,28.2,58.2,7.5,21.1,15.8,20.6,9.9,19.9,14.2,94.6
85,2013-14,DAL,82,49,33,0.598,30.7,8.6,4.3,20,37.8,81.4,29.5,58.4,8.3,23,18.7,24.6,11.5,22,16,102.4
103,2013-14,CHI,82,48,34,0.585,32.7,7.2,5.2,19.1,35,81.2,28.4,62.5,6.6,18.7,15.3,20.3,10.7,19.6,14.4,91.8
104,2013-14,PHX,82,48,34,0.585,31.7,8.4,4.6,21.9,38,83.4,31.2,63.5,6.8,19.9,19.8,25.8,11.3,20.3,15.3,102.6
105,2013-14,TOR,82,48,34,0.585,31.1,7,4.2,23,36.1,80.2,29.1,60.9,6.9,19.2,19,25.3,10.4,21,14.9,98
144,2013-14,BKN,82,44,38,0.537,29.4,8.6,3.8,21.7,36.3,79.4,28.3,57.4,8.1,22,18.8,24.7,11.2,21,15.8,99.5
145,2013-14,WAS,82,44,38,0.537,31.4,8.1,4.6,20.4,37,80.9,29.6,59.4,7.5,21.5,17.8,23.3,10.1,22.2,16,99.4
154,2013-14,CHA,82,43,39,0.524,33.2,6.1,5.1,18.2,36.9,83.4,28.7,61.4,8.1,22,15.3,20.1,9.6,21,13.3,97.1
187,2013-14,MIN,82,40,42,0.488,32.2,8.8,3.6,18.3,40.5,86,32.4,63.8,8.1,22.2,15.2,20.1,11.1,22.9,16.4,104.3
200,2013-14,ATL,82,38,44,0.463,31.3,8.3,4,19.2,38.6,83.5,30.6,61.6,8,21.9,16.4,21.9,10.8,23.2,15.2,101.5
206,2013-14,NYK,82,37,45,0.451,29.7,7.7,4.5,22.1,35.8,78.1,27.1,54.6,8.7,23.4,19.1,25,10.3,19.7,14.5,99.4
213,2013-14,DEN,82,36,46,0.439,33.1,7.5,5.6,23,39.5,86.4,32.1,65.4,7.4,21,20.2,26.4,11.3,22.5,14.4,106.5
228,2013-14,NOP,82,34,48,0.415,30.3,7.9,6.4,22.6,37.3,80.1,29.3,57.8,8,22.3,20,26.5,10.7,22.5,14.5,102.4
242,2013-14,CLE,82,33,49,0.402,32.1,7.1,3.7,20,37.8,83.5,28.4,58.1,9.3,25.4,16.6,22,10.3,24.8,14,101.5
265,2013-14,DET,82,29,53,0.354,30.8,8.4,4.8,20.3,39.1,83.2,30.8,60.3,8.3,22.8,18.1,24,11.1,24.4,15,104.7
268,2013-14,SAC,82,28,54,0.341,32.4,7.2,3.9,22.5,37.8,82.1,29.4,59.8,8.5,22.4,19.2,26.1,9.9,23.5,13.6,103.4
275,2013-14,LAL,82,27,55,0.329,32,7.5,5.4,19.8,42,89.6,33.8,67.2,8.1,22.5,17.2,23.7,13,25.8,14.2,109.2
282,2013-14,BOS,82,25,57,0.305,30.5,7.1,4.2,21.3,37.8,81.4,31.2,62.5,6.6,18.9,18.5,24.3,10.6,22.1,14.2,100.7
283,2013-14,UTA,82,25,57,0.305,30.2,7,4.5,20.7,38.3,81,31,61.6,7.3,19.4,18.3,23.7,10.3,21.8,12.6,102.2
292,2013-14,ORL,82,23,59,0.28,32.4,7.7,4.3,20.5,38.1,83.7,30.1,62,8,21.7,17.7,22.9,10.5,22.5,14,102
318,2013-14,PHI,82,19,63,0.232,31.2,9.3,4,22.5,40,85.1,31,60.7,9,24.4,20.8,27.6,11.9,26.1,17,109.9
328,2013-14,MIL,82,15,67,0.183,29.3,6.6,4.9,20.9,38.4,82,29.9,59.7,8.5,22.3,18.4,24.5,11.7,22.8,14.1,103.7
4,2014-15,GSW,82,67,15,0.817,34.3,9.3,6,19.9,37,86.4,29.7,65,7.2,21.4,18.7,24.5,11.7,21,16.2,99.9
11,2014-15,ATL,82,60,22,0.732,31.8,9.1,4.6,17.8,36.5,83.1,27.7,57.4,8.8,25.8,15.4,20.1,11.6,23.5,16.1,97.1
27,2014-15,HOU,82,56,26,0.683,32,9.5,5,22,37.7,85.2,30.3,62.2,7.4,22.9,17.7,23.6,11.9,21.4,16.4,100.5
28,2014-15,LAC,82,56,26,0.683,33.1,7.8,5,21.3,36.4,82.3,28.1,58.4,8.3,23.9,19,25.7,10.6,23.2,14.3,100.1
33,2014-15,MEM,82,55,27,0.671,32.1,8.5,4.2,19.1,36,81.5,27.9,58.5,8.1,23,14.9,20.1,10.5,20.1,15.3,95.1
34,2014-15,SAS,82,55,27,0.671,33.8,8,5.4,19.1,37.1,83.7,30.3,64.8,6.8,18.9,15.9,21.4,9.9,20.7,14.2,97
48,2014-15,CLE,82,53,29,0.646,31.9,7.4,4.1,18.4,38.1,83.5,30.3,61,7.7,22.5,14.8,19.9,10.8,24.1,13.3,98.7
65,2014-15,POR,82,51,31,0.622,35.1,6.4,4.5,18.2,38.2,86.9,31.8,67.9,6.4,18.9,15.8,20.9,11,20.4,12.2,98.6
71,2014-15,CHI,82,50,32,0.61,34,6.3,5.8,18.2,37.7,86.7,31.2,67.1,6.6,19.6,15.7,21,11.7,20.2,12.2,97.8
72,2014-15,DAL,82,50,32,0.61,31.8,8.1,4.5,20,38,84.5,29,59.7,9,24.8,17.3,22.9,12.3,22.3,16.3,102.3
84,2014-15,TOR,82,49,33,0.598,30.8,7.5,4.4,20.9,38,82.8,30.3,60.5,7.7,22.3,17.2,23.5,11.2,22.8,14.4,100.9
124,2014-15,WAS,82,46,36,0.561,34.2,7.3,4.6,20.8,36.2,83.5,28.1,60.5,8,23,17.5,23.7,10,19.9,14,97.8
129,2014-15,NOP,82,45,37,0.549,32,6.7,6.2,18.7,37.9,83.1,31.4,63.5,6.5,19.6,16.2,21.4,10.6,20.7,12.2,98.6
130,2014-15,OKC,82,45,37,0.549,34.7,7.3,5.5,22.3,37.6,85.5,29.3,61.3,8.3,24.2,18.2,24.5,11.2,22.1,13.6,101.8
180,2014-15,MIL,82,41,41,0.5,31.4,9.6,4.9,22.1,35.6,81.5,27.3,57.4,8.2,24.1,18,24.3,11.4,22.3,17.4,97.4
186,2014-15,BOS,82,40,42,0.488,32.7,8.2,3.6,21.2,38.1,84.7,30.7,62.7,7.4,22,17.6,23.3,10.9,21.9,15.1,101.2
194,2014-15,PHX,82,39,43,0.476,32.2,8.5,4.7,21.3,38.4,85,30.7,63.1,7.7,21.9,18.8,24.8,11.6,21.1,15.6,103.3
197,2014-15,IND,82,38,44,0.463,34.4,6.2,4.6,21.2,36,82.7,28.8,61.8,7.2,20.9,17.9,23.8,9.8,19.9,12.7,97
198,2014-15,BKN,82,38,44,0.463,32,7,4.1,19.3,38.4,84.3,29.9,60.6,8.5,23.7,15.6,21.3,11.4,23.7,13.9,100.9
199,2014-15,UTA,82,38,44,0.463,31.9,7.6,6,19.3,35.8,80.3,28.4,60,7.4,20.4,16,21.5,9.9,19.4,13.1,94.9
205,2014-15,MIA,82,37,45,0.451,30,7.8,4.5,20,36.1,79.5,28,56.5,8.1,23,17,23.2,10.9,21.3,14.8,97.3
241,2014-15,CHA,82,33,49,0.402,34.1,6.1,5.5,18.2,36.8,83.7,28.9,61.5,7.9,22.1,15.8,20.4,8.9,22.1,12.6,97.3
248,2014-15,DET,82,32,50,0.39,32.1,7.6,4.7,19,37.9,83.1,30.1,61.3,7.7,21.8,16,20.7,10.7,23.8,14,99.5
259,2014-15,DEN,82,30,52,0.366,32.4,7.8,4.5,23,38.6,84.3,30.9,62,7.7,22.2,20.1,26.9,11,23.1,14.4,105
264,2014-15,SAC,82,29,53,0.354,33.3,6.7,4,20.7,39.5,86.5,30.7,61.5,8.8,25.1,17.3,23.1,11,23.3,12.9,105
281,2014-15,ORL,82,25,57,0.305,31.8,7.9,3.8,20.9,38,82,29.6,59.4,8.3,22.6,17.2,22.9,10.1,23.4,14.5,101.4
308,2014-15,LAL,82,21,61,0.256,32.3,7,4.5,21.2,38.8,83.1,30.3,59.7,8.5,23.4,19.2,25.8,10,24,13,105.3
319,2014-15,PHI,82,18,64,0.22,30.9,9.6,5.9,21.7,37.1,82.7,29.1,59.8,8,22.9,18.7,24.7,11.5,23.7,16.8,101
324,2014-15,NYK,82,17,65,0.207,29.8,7,4.7,21.6,37,80.4,28.5,58.1,8.5,22.3,18.8,24.8,11,21.7,14.1,101.2
325,2014-15,MIN,82,16,66,0.195,29.3,8.1,4,19.2,41.1,84.5,32.6,61.4,8.5,23.1,15.8,20.8,11.6,23.6,15.2,106.5
1,2015-16,GSW,82,73,9,0.89,36.2,8.4,6.1,20.7,38.9,89.4,31.1,65.9,7.8,23.5,18.6,24.5,11.4,22.2,14.5,104.1
3,2015-16,SAS,82,67,15,0.817,34.5,8.3,5.9,17.5,35.7,81.8,29.1,61.9,6.6,19.9,14.9,19.6,9.1,20.8,14.8,92.9
21,2015-16,CLE,82,57,25,0.695,33.9,6.7,3.9,20.3,36.8,82.1,28.9,59.4,7.9,22.7,16.8,22.6,9.3,21.4,13.3,98.3
26,2015-16,TOR,82,56,26,0.683,33.2,7.8,5.5,19.6,36.5,82.1,27.7,58.7,8.7,23.4,16.5,22.1,9.5,21.7,13.3,98.2
32,2015-16,OKC,82,55,27,0.671,35.6,7.4,5.9,20.6,38.4,87.7,30.3,63.9,8.1,23.8,18,23.8,11.3,21.5,13,102.9
47,2015-16,LAC,82,53,29,0.646,33.3,8.6,5.6,21.3,36.8,84.7,28.9,61.4,7.9,23.3,18.8,25.1,11.8,21.2,15.4,100.2
99,2015-16,ATL,82,48,34,0.585,33.8,9.1,5.9,19.1,37.1,86.1,28.9,61.6,8.3,24.5,16.7,22.1,11.5,22,16.1,99.2
100,2015-16,BOS,82,48,34,0.585,33.3,9.2,4.2,21.9,37.5,85,29.7,61.7,7.8,23.3,19.7,26,11.4,20.9,16.4,102.5
101,2015-16,CHA,82,48,34,0.585,35,7.3,5.3,18.1,37.8,85,28.9,59.6,8.9,25.4,16.3,21.2,8.9,23.2,13.5,100.7
102,2015-16,MIA,82,48,34,0.585,34.3,6.7,6.5,18.3,37.2,84.3,29.9,63.1,7.4,21.2,16.5,21.5,9.8,20.2,12.9,98.4
128,2015-16,IND,82,45,37,0.549,33.9,9,4.8,20,37.4,84.9,29.1,60.1,8.3,24.8,17.4,23.2,10.7,20.8,15.8,100.5
142,2015-16,DET,82,44,38,0.537,33.9,7,3.7,19,38.8,84.2,31.5,63.7,7.3,20.5,16.5,21,8.8,21.5,13.4,101.4
143,2015-16,POR,82,44,38,0.537,33.9,6.9,4.6,21.7,38.4,84.7,29.8,61.7,8.5,23,19,26,10.6,21.6,13.3,104.3
166,2015-16,CHI,82,42,40,0.512,35.2,6,5.7,18.8,39.4,89.4,31.5,66.4,7.9,23,16.3,22.1,11.8,22.5,11.9,103.1
167,2015-16,DAL,82,42,40,0.512,33.9,6.8,3.7,19.5,38.3,85,29.3,58.5,9.1,26.5,16.9,22.8,10.6,22,13.9,102.6
168,2015-16,MEM,82,42,40,0.512,30.5,8.8,4.3,21.7,35.9,78.8,26.2,52.1,9.7,26.6,19.7,25.7,10.1,21.9,16.2,101.3
178,2015-16,HOU,82,41,41,0.5,31.7,10,5.2,21.8,39,85.1,29.3,58.2,9.7,26.9,18.6,24.6,11.8,24.6,16.6,106.4
179,2015-16,WAS,82,41,41,0.5,32.8,8.6,3.9,20.8,38.7,83.8,29.7,59.5,9,24.2,18.3,23.7,9.4,22.5,16.2,104.6
185,2015-16,UTA,82,40,42,0.488,32.5,7.7,5.2,20.2,35.6,79.9,27.7,57.7,7.9,22.2,16.8,22.5,9.3,19.1,14,95.9
220,2015-16,ORL,82,35,47,0.427,33,8.2,5.1,20.7,38.4,83.5,29.5,58.6,8.9,24.9,17.9,24,10.1,23.2,15.1,103.7
238,2015-16,DEN,82,33,49,0.402,33.1,7.4,4.8,21,38.8,84.2,29.6,59.4,9.2,24.8,18.2,23.9,9.7,23.5,13.7,105
239,2015-16,MIL,82,33,49,0.402,31.2,8.2,5.8,20.7,37.8,83.1,28.4,56.7,9.3,26.5,18.4,23.9,11.5,24.5,15.5,103.2
240,2015-16,SAC,82,33,49,0.402,33.7,8.9,4.5,20.4,40.6,87.7,30.3,59.8,10.2,28,17.7,23.2,11.3,24.2,16,109.1
247,2015-16,NYK,82,32,50,0.39,34,5.7,5.7,19.7,38,85.8,30.3,63.4,7.6,22.4,17.5,23.2,10.9,20.8,11.3,101.1
258,2015-16,NOP,82,30,52,0.366,33.1,7.7,4.2,20.9,39.2,83.9,30,59,9.2,24.9,18.8,24,8.9,23.2,13.7,106.5
263,2015-16,MIN,82,29,53,0.354,31.5,8,4.6,20.7,40,84.9,30.9,59.4,9,25.5,17,22.5,10.7,22.6,14.9,106
291,2015-16,PHX,82,23,59,0.28,33.3,7.7,3.8,22.7,39.1,83.8,29.7,58.9,9.4,24.9,19.9,26.5,9.9,22.4,14.9,107.5
307,2015-16,BKN,82,21,61,0.256,31.9,7.6,4,18,40.8,85.2,31.3,59.6,9.5,25.6,15,19.6,10.2,24.5,14.2,106
323,2015-16,LAL,82,17,65,0.207,32.3,7.2,4.1,20.3,40.5,85.6,32,61.1,8.5,24.6,17.3,23.7,10.9,24.7,12.6,106.9
330,2015-16,PHI,82,10,72,0.122,31.8,8.3,6,21.7,39.7,85.4,31.9,63.8,7.8,21.7,20.5,26.1,11.1,23.4,15.1,107.6
2,2016-17,GSW,82,67,15,0.817,35,9.6,6.8,19.3,38.8,89.2,29.8,61.4,9,27.8,17.7,23.2,11.7,22.7,15.5,104.3
9,2016-17,SAS,82,61,21,0.744,33.9,8,5.9,18.3,37,83.4,28.8,59.7,8.1,23.7,16,20.8,9.8,21.4,14.4,98.1
31,2016-17,HOU,82,55,27,0.671,33.5,8.2,4.3,19.9,41.2,88.9,31.2,59.7,10,29.1,17.3,22.2,10.7,24.1,15.1,109.6
46,2016-17,BOS,82,53,29,0.646,32.9,7.5,4.1,20.6,38.6,85.8,29.7,58.8,9,27,19.1,24.9,10.8,22.6,13.9,105.4
61,2016-17,CLE,82,51,31,0.622,34.4,6.6,4,18.1,40.6,88.8,30.3,60.1,10.4,28.7,15.5,20,11,24.7,12.6,107.2
62,2016-17,LAC,82,51,31,0.622,34,7.5,4.2,19.8,38.6,85.4,29.4,59.1,9.2,26.3,18,23.4,10.2,23.1,13.2,104.4
63,2016-17,TOR,82,51,31,0.622,32.6,8.3,4.9,20.8,37.2,82.9,27.5,55.6,9.7,27.3,18.5,23.8,10.1,21.8,14.6,102.6
64,2016-17,UTA,82,51,31,0.622,33.8,6.7,5,18.8,36.3,82,28.1,59.1,8.2,22.9,16,20.7,9,17.8,12.1,96.8
83,2016-17,WAS,82,49,33,0.598,32.6,8.5,4.1,21.3,39.7,85.1,29.8,58,9.9,27.1,18.2,24.2,10.6,22.8,15.3,107.4
115,2016-17,OKC,82,47,35,0.573,34.4,7.9,5,20.9,39.2,85.3,30.4,60.5,8.8,24.8,18.6,24.3,9.1,21.4,13.8,105.8
152,2016-17,ATL,82,43,39,0.524,34.1,8.2,4.8,18.2,38.8,87.3,27.9,56.7,10.9,30.5,15.6,20.2,10.7,23.4,15.4,104
153,2016-17,MEM,82,43,39,0.524,32,8,4.2,22.4,34.9,78.8,25,50.8,9.9,28,20.2,26.9,9.3,20.1,14.3,100
164,2016-17,IND,82,42,40,0.512,33,8.2,5,19.5,38,84.3,27.6,55.1,10.4,29.1,19,24.1,10.7,22.3,14.9,105.3
165,2016-17,MIL,82,42,40,0.512,31.6,8.1,5.3,20.2,38,83,28,54.8,10,28.2,17.9,23.2,10.3,24.1,14.7,103.8
175,2016-17,CHI,82,41,41,0.5,34.1,7.8,4.8,17.7,39.5,86.6,30.5,60.7,8.9,25.9,14.6,19,10.3,23.6,13.4,102.4
176,2016-17,MIA,82,41,41,0.5,33,7.2,5.7,20.5,37.9,84.2,30.1,61.5,7.8,22.7,18.5,23.7,10.2,19.6,13.7,102.1
177,2016-17,POR,82,41,41,0.5,33.5,7,5,21.2,39.2,86.2,29.9,61.1,9.3,25.1,20.8,26.5,10.1,20.6,12.8,108.5
184,2016-17,DEN,82,40,42,0.488,34.6,6.9,3.9,19.1,42.1,88.4,32.3,62.1,9.9,26.3,17.1,21.9,9.4,24,12,111.2
204,2016-17,DET,82,37,45,0.451,34.6,7,3.8,17.9,38.3,83.3,29,57.7,9.4,25.6,16.4,21,8,23.5,12.8,102.5
212,2016-17,CHA,82,36,46,0.439,34.8,7,4.8,16.6,39.5,86.5,27.9,55.1,11.6,31.4,14.2,18.2,8.9,24.5,13.1,104.7
227,2016-17,NOP,82,34,48,0.415,35.1,7.8,5.5,18.2,40.1,89,29.5,59.2,10.5,29.8,15.8,20.7,10.6,23.4,14,106.4
237,2016-17,DAL,82,33,49,0.402,30.7,7.5,3.7,19.1,37,79,27.4,53.7,9.6,25.3,17.2,22.3,8.9,21.3,14.9,100.8
246,2016-17,SAC,82,32,50,0.39,32.3,7.6,4,20.3,38.5,83.2,27.5,53.2,10.9,30,18.9,24.2,10.1,23.7,14,106.7
254,2016-17,MIN,82,31,51,0.378,31,8,4.5,20.1,39.6,83.3,29.7,56.3,9.9,27,17.6,22.9,9.8,23.1,14.3,106.7
255,2016-17,NYK,82,31,51,0.378,33.2,7.1,5.5,20.3,39.7,87.4,29.9,59.1,9.8,28.2,18.7,24.2,11.6,21.8,12.9,108
262,2016-17,ORL,82,29,53,0.354,33.3,7.1,4.8,19.3,40.3,86.4,30.6,60,9.7,26.4,17.4,22.7,9.7,23.6,13,107.6
267,2016-17,PHI,82,28,54,0.341,33,8.4,5.1,21.9,39.6,85.9,30.7,61,8.9,24.9,20.1,26,10.8,22.7,15.1,108.1
276,2016-17,LAL,82,26,56,0.317,32.1,8.2,3.9,20.7,41.5,86,31.4,58.6,10.1,27.4,18.3,24,10.3,25.7,14.5,111.5
287,2016-17,PHX,82,24,58,0.293,33.1,8.2,4.9,24.8,40.2,86.2,30.2,59.9,10.1,26.3,22.8,29.1,10.2,22.2,14.9,113.3
313,2016-17,BKN,82,20,62,0.244,35.1,7.2,4.7,21,41.6,90.8,31.7,63.6,10,27.2,19.3,25,11,23,13.3,112.5
5,2017-18,HOU,82,65,17,0.793,34.5,8.5,4.8,19.5,39.6,85.6,29.5,56.7,10.1,28.8,14.6,19.6,8.7,22.4,14.6,103.9
12,2017-18,TOR,82,59,23,0.72,34.2,7.6,6.1,21.7,38.4,85.6,29.5,60.6,8.9,25,18.2,23.7,9.8,21.8,14.3,103.9
16,2017-18,GSW,82,58,24,0.707,35.1,8,7.5,19.6,40.2,90,29.8,60.8,10.4,29.2,16.7,22,10.9,23.6,14.3,107.5
30,2017-18,BOS,82,55,27,0.671,35.1,7.4,4.5,19.7,37.4,85,28,57.4,9.4,27.7,16.3,21.3,9.6,21.3,14.1,100.4
52,2017-18,PHI,82,52,30,0.634,36.5,8.3,5.1,22.1,38,87.6,27.9,58,10.1,29.6,19.1,25.6,10,21.7,14.3,105.3
70,2017-18,CLE,82,50,32,0.61,33.7,7.1,3.8,18.6,41.8,88.3,30.2,56.6,11.7,31.7,14.6,19.4,9.9,25.9,13.5,109.9
82,2017-18,POR,82,49,33,0.598,35.3,7,5.2,19.5,38.4,85.9,28.7,59.3,9.7,26.6,16.6,22,9.3,20.2,12.6,103
95,2017-18,IND,82,48,34,0.585,32.7,8.8,4.1,18.8,39.4,84.8,28.8,54.4,10.6,30.4,14.8,19.5,10.2,23.2,15.5,104.2
96,2017-18,NOP,82,48,34,0.585,35.7,8,5.9,19.1,41.7,91.9,30.9,61.3,10.9,30.6,16.1,20.5,10.8,23.7,14.5,110.4
97,2017-18,OKC,82,48,34,0.585,32.6,9.1,5,20.2,38.5,84,27.3,53.4,11.2,30.6,16.2,21.1,9.5,23.3,16,104.4
98,2017-18,UTA,82,48,34,0.585,34.2,8.6,5.1,19.6,37.3,83,27.8,57,9.5,26,15.8,20.5,8.7,20,14.9,99.8
113,2017-18,MIN,82,47,35,0.573,31.6,8.4,4.2,18.2,40.2,84.7,29.4,55,10.9,29.6,16,20.5,9.8,23.9,15.1,107.3
114,2017-18,SAS,82,47,35,0.573,33.9,7.7,5.6,17.2,38.2,84.3,29,58,9.1,26.3,14.3,18.9,9.2,21.8,14.1,99.8
123,2017-18,DEN,82,46,36,0.561,33.5,7.6,4.9,18.7,41.3,86.7,30.4,57.9,10.9,28.8,15,20.4,9.8,24.7,13.8,108.5
140,2017-18,MIA,82,44,38,0.537,34.2,7.6,5.3,20.1,37.7,83.8,28.1,57.2,9.6,26.6,18,23,9.1,21,14.1,102.9
141,2017-18,MIL,82,44,38,0.537,31.5,8.8,5.4,21.4,39.1,83.7,29,56.6,10.1,27.1,18.4,23.5,10,23.6,15.6,106.8
151,2017-18,WAS,82,43,39,0.524,33.1,7.9,4.3,21.3,39,84.4,28.8,55.2,10.2,29.2,17.9,23.5,9.8,22.3,14.9,106
163,2017-18,LAC,82,42,40,0.512,33.7,7.7,4.5,20,40.2,87.7,29.5,57.5,10.7,30.2,17.8,22.7,10.6,24.6,14.1,109
193,2017-18,DET,82,39,43,0.476,33.6,7.7,3.9,18.4,39.1,85.2,28,54.4,11.1,30.8,14.6,18.9,9.2,25.2,14.8,103.9
211,2017-18,CHA,82,36,46,0.439,35.4,6.8,4.5,17.2,41.1,87.8,29.8,57.7,11.3,30.1,14.5,18.2,8.4,24.7,13.6,108
219,2017-18,LAL,82,35,47,0.427,35.7,7.7,4.7,21.2,41,89.9,30.6,59.8,10.4,30.1,17.1,22.5,10.2,23.6,14.3,109.6
261,2017-18,NYK,82,29,53,0.354,33.6,6.7,5.1,20.5,39.4,86.3,28.2,55.9,11.2,30.4,18,23.2,10.2,24,13.4,108
266,2017-18,BKN,82,28,54,0.341,34.8,6.2,4.8,20.6,41.7,89.4,32.6,64.9,9,24.5,17.9,23.4,10.4,21.7,12.4,110.3
273,2017-18,CHI,82,27,55,0.329,35,7.6,3.5,19.2,41,86.8,28.9,54.1,12.1,32.7,15.9,20.2,8.4,25.9,13.6,110
274,2017-18,SAC,82,27,55,0.329,31.4,7.8,4.1,20,38.7,82.4,26.8,50.9,11.9,31.5,16.4,21.5,9.1,23.6,14.3,105.8
280,2017-18,ORL,82,25,57,0.305,32.8,7.6,4.9,19.3,40.9,87.5,30.9,60,10,27.6,16.4,21.2,10.6,24.4,14.2,108.2
285,2017-18,ATL,82,24,58,0.293,32.8,7.8,4.2,19.6,40.7,86.7,29.1,56,11.6,30.7,15.9,20.6,10.3,26.1,15.1,108.8
286,2017-18,DAL,82,24,58,0.293,33.1,7,3.8,19.2,39.3,83.8,28.6,54.4,10.7,29.4,16.2,21.4,8.8,23.5,13.7,105.4
301,2017-18,MEM,82,22,60,0.268,31,7.5,4.8,23.2,37.1,80.3,26.5,51.3,10.7,29,20.6,26.8,9.5,22.1,14.8,105.5
306,2017-18,PHX,82,21,61,0.256,33.9,6.9,4.5,22,41.8,88.7,30.9,59.5,10.9,29.2,18.8,24.6,10.4,23.3,13.4,113.3
10,2018-19,MIL,82,60,22,0.732,40.4,7.5,5.9,19.6,40.5,93.5,27.4,57.2,13.1,36.3,15.1,20.7,9.9,24.8,13.4,109.3
15,2018-19,TOR,82,58,24,0.707,35.6,8.3,5.3,21,40.3,89.7,29.5,58.5,10.8,31.2,17.1,22.3,10.6,24.5,14.9,108.4
20,2018-19,GSW,82,57,25,0.695,36.5,7.6,6.4,21.4,40.4,91.1,28.8,57.5,11.6,33.6,18.7,24.2,10.8,24.3,13.5,111.2
36,2018-19,DEN,82,54,28,0.659,34.5,7.7,4.4,20,39.6,86.4,28.8,54.5,10.8,31.9,16.7,22.2,9.7,24.6,13.5,106.7
44,2018-19,HOU,82,53,29,0.646,31.9,8.5,4.9,22,40.4,86.7,30.3,56.9,10.1,29.8,18.2,23.7,11,23.5,15,109.1
45,2018-19,POR,82,53,29,0.646,36.2,6.7,5,20.4,41.1,90,30.4,60.3,10.7,29.8,17.5,22.8,10.3,23.2,12.4,110.5
60,2018-19,PHI,82,51,31,0.622,36.9,7.4,5.3,21.3,41.7,91.5,31.4,61.5,10.3,30,18.8,24.5,10,23.4,12.7,112.5
69,2018-19,UTA,82,50,32,0.61,36.4,8.1,5.9,21.1,40,88.5,30.1,60.7,9.8,27.7,16.7,22.2,8.9,21.6,13.9,106.5
80,2018-19,BOS,82,49,33,0.598,34.7,8.6,5.3,20.4,39.5,88.1,28,54.6,11.5,33.5,17.4,22.8,10.4,23.7,14.6,108
81,2018-19,OKC,82,49,33,0.598,35.5,9.3,5.2,22.4,40.8,88.7,29.5,57.1,11.2,31.6,18.3,24,9.9,24.9,16.7,111.1
92,2018-19,IND,82,48,34,0.585,33.7,8.7,4.9,19.4,38.7,86.1,27.4,54,11.4,32.1,15.8,21,10.5,24.5,15.7,104.7
93,2018-19,LAC,82,48,34,0.585,35.8,6.8,4.7,23.3,41.7,91.3,31.4,61.1,10.4,30.2,20.5,26.3,11.3,24.1,13.2,114.3
94,2018-19,SAS,82,48,34,0.585,35.5,6.1,4.7,18.1,41.5,89.7,29.8,57,11.7,32.7,15.2,20.2,9.2,24.7,12.2,110
161,2018-19,BKN,82,42,40,0.512,35.6,6.6,4.1,21.5,42.2,92.5,31.9,62.1,10.3,30.3,17.6,22.8,11,23.7,13.5,112.3
162,2018-19,ORL,82,42,40,0.512,35.4,6.6,5.4,18.6,39.9,87.6,29.5,57.4,10.5,30.2,16.3,20.9,9,23.1,13,106.6
174,2018-19,DET,82,41,41,0.5,33.6,6.9,4,22.1,39.9,85,30.3,57.2,9.6,27.8,17.9,23.7,9.1,23.7,14.1,107.3
190,2018-19,CHA,82,39,43,0.476,33.9,7.2,4.9,18.9,41.9,89.2,29.8,55.6,12.1,33.5,15.9,20.2,10.1,26,13.5,111.8
191,2018-19,MIA,82,39,43,0.476,35.1,7.6,5.5,20.9,38.3,86.8,26.4,53.6,11.9,33.1,17.5,22.7,10.1,23.3,14.1,105.9
192,2018-19,SAC,82,39,43,0.476,34.4,8.3,4.4,21.4,42.3,90.6,30.2,56,12,34.6,18.8,24.4,11.2,24.7,15.9,115.3
203,2018-19,LAL,82,37,45,0.451,36.4,7.5,5.4,20.7,41.9,92.8,30.1,58.9,11.8,34,17.8,22.7,11.3,25,14.2,113.5
210,2018-19,MIN,82,36,46,0.439,33.5,8.3,5,20.3,42.1,90.1,29.4,56.5,12.7,33.6,17.1,22.3,11.2,26.2,14.7,114
234,2018-19,DAL,82,33,49,0.402,35.2,6.5,4.3,20.1,40.9,89.2,29.7,56.7,11.2,32.5,17.1,22,10.2,24.5,13,110.1
235,2018-19,MEM,82,33,49,0.402,33,8.3,5.5,22,37.6,83.4,26,51.2,11.6,32.2,19.3,24.7,9.5,23.4,15.2,106.1
236,2018-19,NOP,82,33,49,0.402,36.2,7.4,5.4,21.1,43.3,92.8,31,59.1,12.3,33.7,17.9,23.5,11,26.5,13.6,116.8
245,2018-19,WAS,82,32,50,0.39,32.7,8.3,4.6,20.7,43.4,90.5,31.3,57.7,12.1,32.8,18,23.1,11.4,26.2,15.8,116.9
260,2018-19,ATL,82,29,53,0.354,34.5,8.2,5.1,23.6,42.8,90.5,30.4,56.1,12.4,34.4,21.5,28.3,10.6,26.9,15,119.4
300,2018-19,CHI,82,22,60,0.268,34.1,7.4,4.3,20.3,42.2,89.2,30.2,56.2,12.1,33,16.8,22,10,25.5,13.3,113.4
316,2018-19,CLE,82,19,63,0.232,31.9,6.5,2.4,20,43.2,87.2,31.2,55.6,12,31.6,15.8,20.5,9.5,25.7,12.5,114.1
317,2018-19,PHX,82,19,63,0.232,31.3,9,5.1,23.6,42.5,88.2,31.3,58.2,11.1,29.9,20.8,27.6,11.8,25.9,15.7,116.8
322,2018-19,NYK,82,17,65,0.207,34.3,6.8,5.1,20.9,41.9,89.7,30.1,57.1,11.8,32.6,18.2,23.8,10.7,25.6,13.2,113.8
25,2019-20,MIL,73,56,17,0.767,42.2,7.2,5.9,19.6,38.9,94,25,54.7,14,39.3,16.7,21.2,9.5,24.2,14.1,108.6
43,2019-20,TOR,72,53,19,0.736,35.9,8.8,5,21.7,37.8,88.3,24.7,49.5,13.1,38.9,17.8,23.2,10.9,25.6,16.8,106.5
51,2019-20,LAL,71,52,19,0.732,35.1,8.6,6.6,20.7,39.1,87.1,27.4,53.7,11.6,33.4,17.9,22.9,9.4,23.4,15.9,107.6
79,2019-20,LAC,72,49,23,0.681,37,7.1,4.7,22.1,39.5,90.2,27.2,54.6,12.3,35.6,18.5,24.5,10.7,23.7,14.1,109.9
91,2019-20,BOS,72,48,24,0.667,35.4,8.3,5.6,21.6,38.4,87.1,26.6,52.3,11.8,34.8,18.8,24.5,10.3,22.4,15.2,107.3
122,2019-20,DEN,73,46,27,0.63,33.4,8,4.6,20.3,40,86.5,27.9,52.6,12.1,33.9,17.1,22.5,10.1,25.4,14.3,109.2
127,2019-20,IND,73,45,28,0.616,34.1,7.4,5.2,19.8,39.5,88.5,28,54.8,11.5,33.6,17,21.6,10.4,23.1,14.7,107.5
136,2019-20,HOU,72,44,28,0.611,34.5,8.7,5.2,21.8,42.3,91.5,30.1,56.5,12.2,35,18,23.7,11.2,25.3,16.2,114.8
137,2019-20,MIA,73,44,29,0.603,35.9,7.5,4.5,20.6,38.8,86.7,25.7,48.9,13.1,37.7,18.4,23.6,9.2,24.6,14,109.1
138,2019-20,OKC,72,44,28,0.611,34.7,7.6,4.9,19.3,40.8,89.6,29.5,56.4,11.3,33.3,15.5,19.6,10.5,23,14.2,108.4
139,2019-20,UTA,72,44,28,0.611,35.8,6.1,4.1,20.4,40.7,89.1,29.7,58.1,11,31,16.5,21.5,9.6,21.5,12.3,108.8
149,2019-20,DAL,75,43,32,0.573,36.4,6.1,4.8,19.5,41.9,91.6,29.7,56.7,12.3,34.9,16,21,10.4,23.9,11.9,112.1
150,2019-20,PHI,73,43,30,0.589,35,8,5.3,20.9,39.8,86,29.4,56.5,10.4,29.4,18.4,24.5,8.6,22.8,13.8,108.4
217,2019-20,BKN,72,35,37,0.486,37.3,6.4,4.5,21,41.4,92.9,29.2,58.1,12.2,34.8,17.4,22.6,10.6,22.6,12.8,112.3
218,2019-20,POR,74,35,39,0.473,35.1,6.3,6.1,21.7,41.8,91.6,28.2,56.2,13.6,35.4,19.1,24.7,11.5,24.9,12.9,116.1
225,2019-20,MEM,73,34,39,0.466,36.2,7.9,5.5,21.2,40.6,90.3,27.7,55,12.9,35.3,19.6,25,10.4,24.8,14.8,113.7
226,2019-20,PHX,73,34,39,0.466,33.8,7.7,4,22,41.2,87.4,29.6,55.4,11.6,32,19.3,24.5,9.1,23.6,15.6,113.4
233,2019-20,ORL,73,33,40,0.452,34.2,8.2,5.4,18.3,40.4,86.9,28.2,53.3,12.2,33.6,15.3,19.8,9,24.7,14.6,108.3
244,2019-20,SAS,71,32,39,0.451,35.6,7.3,5.5,19.4,42.3,90.2,29.2,55.1,13.1,35.1,17.4,22.5,9.4,25.7,13.2,115.2
253,2019-20,SAC,72,31,41,0.431,32.9,7.7,4.1,22.2,40.3,85.5,27.8,50.7,12.4,34.8,19.2,24.3,9.1,24.9,15.2,112.1
257,2019-20,NOP,72,30,42,0.417,35.4,7.5,5,21.2,42.7,91.8,30.5,58,12.2,33.9,19.4,24.7,10.1,24.5,14.5,117.1
279,2019-20,WAS,72,25,47,0.347,31.9,8,4.3,22.7,43.1,88.4,30.7,55.2,12.4,33.1,20.4,26.3,10.5,25.2,16.2,119.1
290,2019-20,CHA,65,23,42,0.354,31.8,6.6,4.1,18.8,41.7,87.5,29.3,52.5,12.4,35.1,14,18.4,10.9,26.6,14.4,109.6
299,2019-20,CHI,65,22,43,0.338,31.4,10,4.1,21.8,39.5,82.5,28.3,50.9,11.2,31.6,19.7,26,10.2,25.4,18.3,109.9
305,2019-20,NYK,66,21,45,0.318,34.5,7.6,4.7,22.2,39.9,86,26.6,51.1,13.3,34.9,19.2,25.7,9.6,24.3,13.7,112.3
311,2019-20,ATL,67,20,47,0.299,33.4,7.8,5.1,23.1,43.3,90.7,31.4,58,11.9,32.7,21.2,27.4,11.2,25,15,119.7
312,2019-20,DET,66,20,46,0.303,32,7.4,4.5,19.7,41.9,87.3,31.3,57.8,10.7,29.6,16.2,20.9,10.1,24.6,14,110.8
314,2019-20,CLE,65,19,46,0.292,33.4,6.9,3.2,18.3,43.9,89.4,31.5,56.4,12.4,33,14.7,19.2,9.7,26.1,13,114.8
315,2019-20,MIN,64,19,45,0.297,34.3,8.7,5.7,21.4,43.1,90.4,31.6,58.5,11.6,31.9,19.7,25.2,10.1,24.4,15.5,117.5
327,2019-20,GSW,65,15,50,0.231,32.9,8.2,4.6,20.1,42.2,88.6,28.7,53.8,13.5,34.8,17.1,21.9,10.2,26.1,15.6,115
50,2020-21,UTA,72,52,20,0.722,37.6,6.6,5.2,18.5,40.9,91.4,30,59.6,10.9,31.8,14.5,18.9,9.8,22.3,11.5,107.2
59,2020-21,PHX,72,51,21,0.708,34.2,7.2,4.3,19.1,40.5,86.8,28.9,54,11.6,32.8,16.8,21.7,9.4,22.9,13.6,109.5
78,2020-21,PHI,72,49,23,0.681,35,9.1,6.2,20.2,39.4,86.9,27.5,53.9,11.9,33,17.4,22.8,9.8,23.5,15.6,108.1
90,2020-21,BKN,72,48,24,0.667,35.5,6.7,5.3,19,41.9,91.3,28.7,55.1,13.2,36.2,17.1,22,10.5,24,12.6,114.1
111,2020-21,DEN,72,47,25,0.653,33.9,8.1,4.5,19.1,40,85.4,27.1,49.7,13,35.7,17.1,22.1,9.1,25.9,14.1,110.1
112,2020-21,LAC,72,47,25,0.653,34.7,7.1,4.1,19.2,40.1,86.4,28.5,53.9,11.6,32.5,16.1,20.7,9.2,22.9,12.8,107.8
121,2020-21,MIL,72,46,26,0.639,37.8,8.1,4.6,17.3,42.4,92.9,27.6,54.3,14.8,38.6,14.6,18.8,9.6,25.1,13.2,114.2
158,2020-21,DAL,72,42,30,0.583,34.2,6.3,4.3,19.4,40.1,87.1,27.2,51.8,12.8,35.2,17.2,22.5,9.8,22.7,12.6,110.2
159,2020-21,LAL,72,42,30,0.583,34.6,7.8,5.4,19.1,39.8,86.4,28.4,54.2,11.4,32.2,15.9,20.5,8.8,24.7,15.2,106.8
160,2020-21,POR,72,42,30,0.583,33.9,6.9,5,18.9,41.8,88.3,28.9,53.6,12.9,34.6,17.9,22.8,9.9,24.9,12.4,114.3
172,2020-21,ATL,72,41,31,0.569,35.1,7,4.8,19.3,41.3,89.1,29.3,55,11.9,34.2,16.9,21.1,10,24.4,12.3,111.4
173,2020-21,NYK,72,41,31,0.569,35.5,7,5.1,20.5,37.9,86.2,25.9,50.6,12,35.6,16.9,22.2,9.7,23.6,12.8,104.7
183,2020-21,MIA,72,40,32,0.556,33.5,7.9,4,18.9,39.1,85.2,24.8,46.2,14.3,39.1,15.6,19.9,9.5,25.8,15.1,108
189,2020-21,GSW,72,39,33,0.542,35.1,8.2,4.8,21.2,40.2,89,27.9,54.5,12.4,34.5,19.8,25.5,10.7,23.8,15,112.7
196,2020-21,MEM,72,38,34,0.528,35.3,9.1,5.1,18.7,41,88.7,28.2,53.6,12.9,35.1,17.4,22.1,9.8,25.4,14.8,112.3
209,2020-21,BOS,72,36,36,0.5,33.6,7.7,5.3,20.4,39.9,86,27.1,51.6,12.8,34.3,18.5,23.5,9.4,24.1,14.1,111.2
223,2020-21,IND,72,34,38,0.472,33.7,8.5,6.4,20.2,42.7,91.3,31.2,59.9,11.5,31.5,18.4,23.5,11.3,26.1,14.8,115.3
224,2020-21,WAS,72,34,38,0.472,35.5,7.3,4.1,21.6,43.1,91.6,30.7,57.9,12.4,33.7,19.8,25.4,10.3,24.5,14.7,118.5
231,2020-21,CHA,72,33,39,0.458,33.2,7.8,4.8,18,41.3,88.1,26.8,48.6,14.5,39.5,14.4,19.3,10.6,27.1,14.8,111.4
232,2020-21,SAS,72,33,39,0.458,34.6,7,5.1,18,42.4,89.8,30.1,57.2,12.3,32.6,15.7,20.7,10.2,24.8,13.2,112.8
250,2020-21,CHI,72,31,41,0.431,35.3,6.7,4.2,18.9,41.4,87.7,29.9,55.3,11.5,32.3,17.2,22.2,8.7,24.1,12.7,111.6
251,2020-21,NOP,72,31,41,0.431,35.7,7.6,4.4,18,41.9,89.3,27.4,51.2,14.5,38.1,16.6,21.1,8.9,25.9,13.3,114.9
252,2020-21,SAC,72,31,41,0.431,32,7.5,5,19.4,43.6,89.4,31.2,56.8,12.4,32.6,17.8,22.7,10.7,25.3,13.7,117.4
272,2020-21,TOR,72,27,45,0.375,32.1,8.6,5.4,21.2,39,84.7,25.1,48,13.9,36.7,19.8,24.8,10,26,16.1,111.7
289,2020-21,MIN,72,23,49,0.319,33,8.8,5.5,20.9,43,89.3,29.9,55.8,13.1,33.5,18.5,23.5,10,26.8,15.3,117.7
297,2020-21,CLE,72,22,50,0.306,32.3,7.8,4.5,18.2,42,86.7,29.6,54.3,12.4,32.4,15.9,20.4,9.9,25.4,14.3,112.3
298,2020-21,OKC,72,22,50,0.306,35.7,7,4.4,18.1,43.4,91.7,29.8,54.4,13.6,37.3,15.3,19.8,10.1,25.8,13.1,115.6
304,2020-21,ORL,72,21,51,0.292,35.1,6.9,4.4,17.2,42.2,89.7,28.5,52.9,13.7,36.8,15.2,19.3,9.8,26,12.7,113.3
310,2020-21,DET,72,20,52,0.278,33.1,7.4,5.2,20.5,41.4,86.9,30,55.6,11.3,31.4,17,22.3,10,24.8,13.9,111.1
321,2020-21,HOU,72,17,55,0.236,33.3,7.6,5,19.5,42.7,89,29.3,53.9,13.4,35.2,17.9,22.8,9.9,25.8,14.7,116.7
7,2021-22,PHX,82,64,18,0.78,35.5,8.6,4.4,19.9,39.2,88.3,27.6,54.1,11.6,34.2,17.3,22.7,10.5,22.9,14.7,107.3
24,2021-22,MEM,82,56,26,0.683,35,9.8,6.5,19.8,40.3,88.6,28.3,54.2,12,34.5,17.3,22.4,10,25,15.1,109.9
41,2021-22,GSW,82,53,29,0.646,35.7,8.8,4.5,21,37.9,86.6,25.7,50.6,12.2,36,17.4,22.9,9.7,22.9,14.5,105.5
42,2021-22,MIA,82,53,29,0.646,33.9,7.4,3.2,20.5,37.5,84,24.6,45.7,13,38.3,17.5,22.5,9.5,23.3,15,105.6
49,2021-22,DAL,82,52,30,0.634,33.8,6.7,4,19.7,39,85.4,28.1,53.2,10.9,32.1,15.8,20.6,9.5,23.5,13.1,104.7
56,2021-22,BOS,82,51,31,0.622,35.5,7.2,5.8,18.5,38.3,88.1,26.4,53.2,11.8,34.9,16.1,20.6,10.5,21.6,13.8,104.5
57,2021-22,MIL,82,51,31,0.622,36.5,7.6,4,18.2,41.4,90.6,26.9,50,14.5,40.6,15,19.9,9.9,25.9,13,112.1
58,2021-22,PHI,82,51,31,0.622,33.8,7.7,5.3,19.4,39.7,86.5,28.3,53.7,11.4,32.8,16.6,21.6,10.2,23.6,13.3,107.3
77,2021-22,UTA,82,49,33,0.598,35.6,7.2,4.9,18.9,40.4,89.2,28.3,54.6,12.1,34.6,14.6,19.3,9.9,23.4,12,107.6
88,2021-22,DEN,82,48,34,0.585,34.9,7.2,3.7,20,41.1,87.4,29.2,53.2,11.8,34.2,16.5,21.7,9.7,25.4,12.8,110.4
89,2021-22,TOR,82,48,34,0.585,32,9,4.6,19.6,39,84.4,26.6,49.5,12.4,34.9,16.8,21.2,10.3,25.3,15.8,107.1
119,2021-22,CHI,82,46,36,0.561,33.7,7.1,4.1,18.8,41.4,87.4,29.7,55.5,11.7,32,17.4,21.9,9.3,25,13.1,112
120,2021-22,MIN,82,46,36,0.561,32.9,8.8,5.6,21.8,40.2,87.4,27.2,50,13.1,37.3,19.8,25.4,11,26.2,16.3,113.3
134,2021-22,CLE,82,44,38,0.537,34,7.1,4.2,17.5,39.5,87.2,27.8,54,11.7,33.2,15,19.4,10.5,24.1,13.4,105.7
135,2021-22,BKN,82,44,38,0.537,34.1,7.1,5.5,20.4,40.7,90.2,28.2,53.9,12.5,36.3,18.1,23,11.3,23.8,13.3,112.1
147,2021-22,ATL,82,43,39,0.524,33.9,7.2,4.2,18.7,41.9,89,29.1,53.7,12.8,35.2,15.8,19.9,10.2,25.4,12.8,112.4
148,2021-22,CHA,82,43,39,0.524,33.7,8.6,4.9,19.9,42,90.1,28,51.4,14,38.7,16.9,22.1,11.4,26.5,15,114.9
157,2021-22,LAC,82,42,40,0.512,34.9,7.4,5,18.6,40.8,90.6,29.1,56.7,11.7,33.9,15.2,19.6,12,24.1,13.6,108.4
202,2021-22,NYK,82,37,45,0.451,34.6,7,4.9,20.4,38.5,86,25.8,49,12.7,37,17,22.3,9.3,24.2,12.7,106.6
208,2021-22,NOP,82,36,46,0.439,33.2,8.3,4,19.7,40.3,85.5,27.3,50,13,35.5,16.8,21.4,9.3,24.9,14.2,110.3
216,2021-22,WAS,82,35,47,0.427,34.1,6.4,5,18.8,41.3,88.9,29.8,57.1,11.5,31.8,18,22.3,10.2,23.7,11.9,112
222,2021-22,SAS,82,34,48,0.415,34.3,7.6,4.9,18.1,42.5,91.2,30.4,57.5,12.1,33.6,16,20.9,11.4,24,13.8,113
230,2021-22,LAL,82,33,49,0.402,34.5,7.6,5.2,20.2,42.6,90.5,30,54.7,12.6,35.8,17.4,23.3,11,26.3,14,115.1
256,2021-22,SAC,82,30,52,0.366,33.4,7.2,4.5,18.9,43.4,90.6,30.4,55.7,13,34.9,15.9,20.5,10.6,25.3,13.5,115.8
271,2021-22,POR,82,27,55,0.329,32.5,8,4.5,21.1,41.1,85.9,27.4,48.8,13.8,37.1,19.1,24.6,9.8,26.6,14,115.1
278,2021-22,IND,82,25,57,0.305,32.6,7.1,5.6,20.4,42.5,88,30.5,55.7,12,32.3,17.9,22.5,10.2,25.1,13.3,114.9
284,2021-22,OKC,82,24,58,0.293,35.2,7.6,4.6,18.3,41.4,90.5,27.8,51.8,13.6,38.7,15.3,19.9,11,26.1,13.2,111.8
288,2021-22,DET,82,23,59,0.28,32,7.7,4.8,21.9,40.6,86,28.9,53.5,11.8,32.5,19.5,25.1,10.3,25.1,14.6,112.5
296,2021-22,ORL,82,22,60,0.268,35.2,6.8,4.5,19.7,40.8,89,27.6,52.7,13.2,36.3,17.4,22.6,10.4,24.8,13.2,112.2
309,2021-22,HOU,82,20,62,0.244,32.4,7.3,4.7,20.6,43.4,89.9,30.7,53.8,12.8,36.2,18.5,23.7,11.2,25.6,14.1,118.2
14,2022-23,MIL,82,58,24,0.707,37.5,6.4,4.9,18.1,42.5,93.2,30.4,59.1,12.1,34.1,16.3,21,10.7,23.9,11.8,113.3
19,2022-23,BOS,82,57,25,0.695,35.6,6.4,5.2,18.8,41.8,90.2,30.1,56.5,11.6,33.7,16.2,21.1,9.7,23.1,12.7,111.4
35,2022-23,PHI,82,54,28,0.659,32.2,7.7,4.7,20.4,40.4,85.4,28.8,52.1,11.6,33.4,18.5,23.7,9.5,24.2,14.3,110.9
40,2022-23,DEN,82,53,29,0.646,32.9,7.5,4.5,18.6,41.7,87.4,30.4,54.3,11.4,33.1,17.6,22.7,10.1,25.7,13.5,112.5
54,2022-23,CLE,82,51,31,0.622,31.4,7.1,4.7,19,39,83.5,27.8,52.9,11.3,30.6,17.5,22.4,9.8,23,15.7,106.9
55,2022-23,MEM,82,51,31,0.622,34.6,8.3,5.8,20,40.7,89.8,27.7,53.3,13,36.6,18.5,23.5,11,26.4,15.1,113
87,2022-23,SAC,82,48,34,0.585,32.9,7,3.4,19.7,43.8,88.9,31.3,55.5,12.5,33.4,18.1,23,9.7,26.7,14.2,118.1
110,2022-23,NYK,82,47,35,0.573,34,6.4,4.1,20.3,40.8,88.2,27.7,51.7,13,36.5,18.5,23.7,10.1,25.1,12.7,113.1
125,2022-23,BKN,82,45,37,0.549,32.3,7.1,6.2,21.1,41,88.5,29.2,56.3,11.8,32.2,18.7,24.4,11.5,23.4,13.7,112.5
126,2022-23,PHX,82,45,37,0.549,32.4,7.1,5.3,21.2,40,85.9,28.6,53.9,11.4,32,20.1,25.6,10.2,23.4,14.4,111.6
131,2022-23,GSW,82,44,38,0.537,34.1,7.2,3.9,21.4,42.4,90.5,29.5,55,12.9,35.5,19.4,25.2,10.7,25.7,14.3,117.1
132,2022-23,LAC,82,44,38,0.537,33.4,7.1,4.4,19.5,41.8,88.3,29.6,54.9,12.2,33.4,17.2,22.3,10.2,25,13,113.1
133,2022-23,MIA,82,44,38,0.537,30.9,8,3,18.5,40.1,83.2,27,47.4,13.1,35.8,16.5,21.1,8.9,25.6,15.7,109.8
146,2022-23,LAL,82,43,39,0.524,35.7,6.4,4.6,17.9,44,93.9,31.5,57.4,12.5,36.5,16.1,20.8,11.1,25.7,12.6,116.6
155,2022-23,MIN,82,42,40,0.512,32.8,8,5.4,21.6,41.8,88.7,29.5,55.5,12.3,33.3,19.9,26,11.3,25,15.4,115.8
156,2022-23,NOP,82,42,40,0.512,33.1,8.3,4.1,20.5,40.9,86.6,28.7,50.6,12.2,36,18.4,23.6,9.7,24.9,15,112.5
170,2022-23,ATL,82,41,41,0.5,33.2,7.1,4.9,18.8,43.8,90.2,31.9,56.7,11.9,33.5,18.6,23.2,10.6,26,14.2,118.1
171,2022-23,TOR,82,41,41,0.5,30.3,9.4,5.2,20,40.4,82.3,28.2,49.7,12.2,32.6,18.4,23.1,9.2,26.2,16.7,111.4
181,2022-23,CHI,82,40,42,0.488,33.9,7.9,4.5,18.9,40.7,87.1,27.5,50,13.2,37.1,17.1,22,9.6,26,15,111.8
182,2022-23,OKC,82,40,42,0.488,32.3,8.2,4.2,21,41.9,88.4,29,52.4,12.9,36,19.6,25.5,12,25.9,16.8,116.4
195,2022-23,DAL,82,38,44,0.463,31.2,6.3,3.7,20.7,41.8,86.2,30.6,54.5,11.1,31.7,19.5,25,10.1,24.9,13.1,114.1
201,2022-23,UTA,82,37,45,0.451,34.1,6.1,5.2,20.5,43.4,91.6,30.9,57.1,12.5,34.5,18.8,24.3,11.2,25,12.6,118
214,2022-23,IND,82,35,47,0.427,31.4,7.7,5.8,21.2,43.3,89.3,30.9,56,12.4,33.3,20.5,25.6,12.1,26.4,15.1,119.5
215,2022-23,WAS,82,35,47,0.427,34.2,6.8,5.2,18.8,42.5,89.8,30.5,57,12,32.8,17.5,21.9,10.8,24.8,12.3,114.4
221,2022-23,ORL,82,34,48,0.415,33.1,7.4,4.7,20.1,41.3,86.9,28.4,50,13,37,18.3,23,9.5,25.9,14.7,114
229,2022-23,POR,82,33,49,0.402,31.1,6.7,4.6,20,43,87.5,30.4,54.4,12.5,33.1,19,24.1,10.5,27,13.5,117.4
270,2022-23,CHA,82,27,55,0.329,33.5,7.7,5.2,20.3,43,90.1,30.7,55.8,12.2,34.3,19,24,10.9,25.9,14.4,117.2
294,2022-23,HOU,82,22,60,0.268,32.9,7.3,4.6,20.5,42.4,88.1,27.9,49.3,14.5,38.8,19.2,24.2,10.5,26.1,13.2,118.6
295,2022-23,SAS,82,22,60,0.268,31.9,7,3.9,19.9,46.1,91,33.5,58.6,12.6,32.3,18.2,23.7,10.7,26.8,13.8,123.1
320,2022-23,DET,82,17,65,0.207,31.3,7,3.8,22.1,43.1,88.1,31.1,54.8,12,33.3,20.4,26.2,11,25.8,13.5,118.5
6,2023-24,BOS,82,64,18,0.78,35.6,6.8,6.6,16.2,41.5,91.6,28.6,55,12.9,36.7,13.3,17.3,11.1,24.9,12,109.2
17,2023-24,DEN,82,57,25,0.695,33.7,7.1,5.6,18.2,40.6,87.9,29.4,56.4,11.2,31.5,17.1,22.2,10.9,25.7,12.4,109.6
18,2023-24,OKC,82,57,25,0.695,33.2,8.5,6.6,18.8,40.6,89.3,27.2,52.1,13.4,37.2,18.1,22.9,11.8,26.9,15.7,112.7
23,2023-24,MIN,82,56,26,0.683,34.2,7.9,6.1,18.8,39,86.8,27.6,54.5,11.4,32.3,17.1,21.9,10.3,24.5,14.2,106.5
53,2023-24,LAC,82,51,31,0.622,32.9,7.8,5,18.5,41.6,88.9,28.8,53.5,12.9,35.4,16.2,21,11.1,26.4,13,112.3
67,2023-24,DAL,82,50,32,0.61,33.2,6.9,5,18.3,43,90.4,29.8,54.8,13.1,35.6,16.6,21.6,10.9,27.5,13.7,115.6
68,2023-24,NYK,82,50,32,0.61,32.5,7.5,4.1,17.6,40.3,85.7,27.8,51.4,12.5,34.3,15.1,19.8,10.2,25.6,13.2,108.2
74,2023-24,MIL,82,49,33,0.598,34.8,6.8,5,19.2,43.2,91.9,30.6,56.6,12.6,35.3,17.4,21.5,10.3,26.5,12,116.4
75,2023-24,NOP,82,49,33,0.598,33.6,8.3,4.6,18.4,40.5,87.3,26.9,48.5,13.5,38.7,16.2,20.7,10.1,26.8,14.2,110.7
76,2023-24,PHX,82,49,33,0.598,33.9,7.4,6,18,42,90.6,28.9,54.6,13.1,36,16.1,20.8,11,26.3,12.7,113.2
86,2023-24,CLE,82,48,34,0.585,33.4,7.4,4.6,17.5,40.5,87.5,28,53.7,12.5,33.8,16.6,21,10,25.3,13.6,110.2
106,2023-24,IND,82,47,35,0.573,31.4,7.7,5.9,21.4,44.5,89.8,33.9,60.5,10.7,29.3,20.5,26,11,24.6,13.9,120.2
107,2023-24,LAL,82,47,35,0.573,34.9,7.4,5.5,15.6,44.4,93.7,30.2,55.8,14.3,37.9,14.3,18,10.9,28.2,13.4,117.4
108,2023-24,ORL,82,47,35,0.573,31.8,8.2,5.2,19.7,39.8,84,28.3,51.8,11.5,32.1,17.3,22.2,8.9,23.9,15,108.4
109,2023-24,PHI,82,47,35,0.573,31.9,8.5,6,20.3,40.5,86.6,28.6,52.8,11.9,33.7,18.6,23.5,11,26.1,14.6,111.5
116,2023-24,GSW,82,46,36,0.561,34.6,7,4.6,19.5,42.1,90.4,28.8,53.5,13.3,37,17.7,22.4,10.9,26.7,13,115.2
117,2023-24,MIA,82,46,36,0.561,33,7.5,3.4,17.3,40.2,86,27.2,49.2,13,36.8,15,19.2,9.2,26.5,13.7,108.4
118,2023-24,SAC,82,46,36,0.561,33.2,7.6,4.2,19.9,41.6,86.8,28.5,52.9,13.1,33.8,18.5,23.1,9.1,26.9,13.9,114.8
169,2023-24,HOU,82,41,41,0.5,34,7.8,4.6,20.8,40.8,88.1,28.4,52.7,12.3,35.4,19.3,25.2,10.7,24.4,13.8,113.2
188,2023-24,CHI,82,39,43,0.476,32.6,7.8,4.8,18.8,41.1,87,26.5,47.5,14.6,39.5,16.9,21.8,10.1,27.9,14,113.7
207,2023-24,ATL,82,36,46,0.439,32.2,7.5,4.5,18.6,44.6,90.2,30.6,53.7,14,36.4,17.3,21.8,10.6,28.2,14.1,120.5
243,2023-24,BKN,82,32,50,0.39,32.6,6.8,5.2,18.5,41.6,88.5,28.6,53.5,13,34.9,17.1,21.2,10.3,25.5,12.6,113.3
249,2023-24,UTA,82,31,51,0.378,33.2,6.5,5.6,18.6,44.6,91.6,29.8,54.1,14.8,37.4,16.6,21.6,11,29.8,12.3,120.5
269,2023-24,MEM,82,27,55,0.329,31.7,8.2,6.1,19.1,41.2,86.9,27.8,51.5,13.4,35.4,17,21.8,10.7,26.6,15.1,112.8
277,2023-24,TOR,82,25,57,0.305,31.8,7.7,4.7,18.4,44.7,91.2,31.1,54.8,13.7,36.3,15.6,19.8,11.2,28.6,13.9,118.8
293,2023-24,SAS,82,22,60,0.268,33.9,7.1,6.3,17.2,44.9,92.3,32.2,58.3,12.7,34,16,20.5,10.5,28,13.4,118.6
302,2023-24,CHA,82,21,61,0.256,31,6.9,4.5,18,43.4,87.7,29.7,51.5,13.6,36.2,16.5,20.7,10.6,28.7,13.6,116.8
303,2023-24,POR,82,21,61,0.256,30.1,7.6,4.3,20.2,42.5,86.6,30.8,53.3,11.7,33.3,18.7,23.6,10.6,27.1,14.3,115.4
326,2023-24,WAS,82,15,67,0.183,31.9,7.6,5.1,20,46.1,92.9,33.8,59,12.3,33.9,18.6,24,12.1,29,14,123
329,2023-24,DET,82,14,68,0.171,32.8,6.5,4.7,20.6,43.6,89,31.5,56.3,12.1,32.7,19.6,24.5,9.6,27,12.4,119